pdb_id,lig_id,resolution,release_year,target,prot_path,lig_path,pocket_path,source,tar_path,archive_path,score_file
3l7b,DKZ,2.0,2010,2.4,/mnt/research/woldring_lab/Members/Eaves/plip-plop/data/3l7b/crystal/3l7b_protein.pdb,/mnt/research/woldring_lab/Members/Eaves/plip-plop/data/3l7b/crystal/3l7b_ligand.sdf,/mnt/research/woldring_lab/Members/Eaves/plip-plop/data/3l7b/crystal/3l7b_pocket.pdb,gnina,/mnt/research/woldring_lab/Members/Eaves/plip-plop/data/3l7b/gnina.tar.gz,/mnt/research/woldring_lab/Members/Eaves/plip-plop/data/3l7b/gnina/3l7b_POSE.pdb.gz,/mnt/research/woldring_lab/Members/Eaves/plip-plop/data/3l7b/gnina/score.sc
3l7b,DKZ,2.0,2010,2.4,/mnt/research/woldring_lab/Members/Eaves/plip-plop/data/3l7b/crystal/3l7b_protein.pdb,/mnt/research/woldring_lab/Members/Eaves/plip-plop/data/3l7b/crystal/3l7b_ligand.sdf,/mnt/research/woldring_lab/Members/Eaves/plip-plop/data/3l7b/crystal/3l7b_pocket.pdb,rosetta,/mnt/research/woldring_lab/Members/Eaves/plip-plop/data/3l7b/rosetta.tar.gz,/mnt/research/woldring_lab/Members/Eaves/plip-plop/data/3l7b/rosetta/3l7b_POSE.pdb.gz,/mnt/research/woldring_lab/Members/Eaves/plip-plop/data/3l7b/rosetta/score.sc
3l7b,DKZ,2.0,2010,2.4,/mnt/research/woldring_lab/Members/Eaves/plip-plop/data/3l7b/crystal/3l7b_protein.pdb,/mnt/research/woldring_lab/Members/Eaves/plip-plop/data/3l7b/crystal/3l7b_ligand.sdf,/mnt/research/woldring_lab/Members/Eaves/plip-plop/data/3l7b/crystal/3l7b_pocket.pdb,boltz2,/mnt/research/woldring_lab/Members/Eaves/plip-plop/data/3l7b/boltz.tar.gz,/mnt/research/woldring_lab/Members/Eaves/plip-plop/data/3l7b/boltz/3l7b_boltz2_model_0.cif,/mnt/research/woldring_lab/Members/Eaves/plip-plop/data/3l7b/boltz/affinity_3l7b_boltz2.json
3gr2,GF4,1.8,2009,2.52,/mnt/research/woldring_lab/Members/Eaves/plip-plop/data/3gr2/crystal/3gr2_protein.pdb,/mnt/research/woldring_lab/Members/Eaves/plip-plop/data/3gr2/crystal/3gr2_ligand.sdf,/mnt/research/woldring_lab/Members/Eaves/plip-plop/data/3gr2/crystal/3gr2_pocket.pdb,gnina,/mnt/research/woldring_lab/Members/Eaves/plip-plop/data/3gr2/gnina.tar.gz,/mnt/research/woldring_lab/Members/Eaves/plip-plop/data/3gr2/gnina/3gr2_POSE.pdb.gz,/mnt/research/woldring_lab/Members/Eaves/plip-plop/data/3gr2/gnina/score.sc
3gr2,GF4,1.8,2009,2.52,/mnt/research/woldring_lab/Members/Eaves/plip-plop/data/3gr2/crystal/3gr2_protein.pdb,/mnt/research/woldring_lab/Members/Eaves/plip-plop/data/3gr2/crystal/3gr2_ligand.sdf,/mnt/research/woldring_lab/Members/Eaves/plip-plop/data/3gr2/crystal/3gr2_pocket.pdb,rosetta,/mnt/research/woldring_lab/Members/Eaves/plip-plop/data/3gr2/rosetta.tar.gz,/mnt/research/woldring_lab/Members/Eaves/plip-plop/data/3gr2/rosetta/3gr2_POSE.pdb.gz,/mnt/research/woldring_lab/Members/Eaves/plip-plop/data/3gr2/rosetta/score.sc
3gr2,GF4,1.8,2009,2.52,/mnt/research/woldring_lab/Members/Eaves/plip-plop/data/3gr2/crystal/3gr2_protein.pdb,/mnt/research/woldring_lab/Members/Eaves/plip-plop/data/3gr2/crystal/3gr2_ligand.sdf,/mnt/research/woldring_lab/Members/Eaves/plip-plop/data/3gr2/crystal/3gr2_pocket.pdb,boltz2,/mnt/research/woldring_lab/Members/Eaves/plip-plop/data/3gr2/boltz.tar.gz,/mnt/research/woldring_lab/Members/Eaves/plip-plop/data/3gr2/boltz/3gr2_boltz2_model_0.cif,/mnt/research/woldring_lab/Members/Eaves/plip-plop/data/3gr2/boltz/affinity_3gr2_boltz2.json
5a7b,KMN,1.4,2015,3.57,/mnt/research/woldring_lab/Members/Eaves/plip-plop/data/5a7b/crystal/5a7b_protein.pdb,/mnt/research/woldring_lab/Members/Eaves/plip-plop/data/5a7b/crystal/5a7b_ligand.sdf,/mnt/research/woldring_lab/Members/Eaves/plip-plop/data/5a7b/crystal/5a7b_pocket.pdb,gnina,/mnt/research/woldring_lab/Members/Eaves/plip-plop/data/5a7b/gnina.tar.gz,/mnt/research/woldring_lab/Members/Eaves/plip-plop/data/5a7b/gnina/5a7b_POSE.pdb.gz,/mnt/research/woldring_lab/Members/Eaves/plip-plop/data/5a7b/gnina/score.sc
5a7b,KMN,1.4,2015,3.57,/mnt/research/woldring_lab/Members/Eaves/plip-plop/data/5a7b/crystal/5a7b_protein.pdb,/mnt/research/woldring_lab/Members/Eaves/plip-plop/data/5a7b/crystal/5a7b_ligand.sdf,/mnt/research/woldring_lab/Members/Eaves/plip-plop/data/5a7b/crystal/5a7b_pocket.pdb,rosetta,/mnt/research/woldring_lab/Members/Eaves/plip-plop/data/5a7b/rosetta.tar.gz,/mnt/research/woldring_lab/Members/Eaves/plip-plop/data/5a7b/rosetta/5a7b_POSE.pdb.gz,/mnt/research/woldring_lab/Members/Eaves/plip-plop/data/5a7b/rosetta/score.sc
5a7b,KMN,1.4,2015,3.57,/mnt/research/woldring_lab/Members/Eaves/plip-plop/data/5a7b/crystal/5a7b_protein.pdb,/mnt/research/woldring_lab/Members/Eaves/plip-plop/data/5a7b/crystal/5a7b_ligand.sdf,/mnt/research/woldring_lab/Members/Eaves/plip-plop/data/5a7b/crystal/5a7b_pocket.pdb,boltz2,/mnt/research/woldring_lab/Members/Eaves/plip-plop/data/5a7b/boltz.tar.gz,/mnt/research/woldring_lab/Members/Eaves/plip-plop/data/5a7b/boltz/5a7b_boltz2_model_0.cif,/mnt/research/woldring_lab/Members/Eaves/plip-plop/data/5a7b/boltz/affinity_5a7b_boltz2.json
4ih5,12R,1.9,2013,4.11,/mnt/research/woldring_lab/Members/Eaves/plip-plop/data/4ih5/crystal/4ih5_protein.pdb,/mnt/research/woldring_lab/Members/Eaves/plip-plop/data/4ih5/crystal/4ih5_ligand.sdf,/mnt/research/woldring_lab/Members/Eaves/plip-plop/data/4ih5/crystal/4ih5_pocket.pdb,gnina,/mnt/research/woldring_lab/Members/Eaves/plip-plop/data/4ih5/gnina.tar.gz,/mnt/research/woldring_lab/Members/Eaves/plip-plop/data/4ih5/gnina/4ih5_POSE.pdb.gz,/mnt/research/woldring_lab/Members/Eaves/plip-plop/data/4ih5/gnina/score.sc
4ih5,12R,1.9,2013,4.11,/mnt/research/woldring_lab/Members/Eaves/plip-plop/data/4ih5/crystal/4ih5_protein.pdb,/mnt/research/woldring_lab/Members/Eaves/plip-plop/data/4ih5/crystal/4ih5_ligand.sdf,/mnt/research/woldring_lab/Members/Eaves/plip-plop/data/4ih5/crystal/4ih5_pocket.pdb,rosetta,/mnt/research/woldring_lab/Members/Eaves/plip-plop/data/4ih5/rosetta.tar.gz,/mnt/research/woldring_lab/Members/Eaves/plip-plop/data/4ih5/rosetta/4ih5_POSE.pdb.gz,/mnt/research/woldring_lab/Members/Eaves/plip-plop/data/4ih5/rosetta/score.sc
4ih5,12R,1.9,2013,4.11,/mnt/research/woldring_lab/Members/Eaves/plip-plop/data/4ih5/crystal/4ih5_protein.pdb,/mnt/research/woldring_lab/Members/Eaves/plip-plop/data/4ih5/crystal/4ih5_ligand.sdf,/mnt/research/woldring_lab/Members/Eaves/plip-plop/data/4ih5/crystal/4ih5_pocket.pdb,boltz2,/mnt/research/woldring_lab/Members/Eaves/plip-plop/data/4ih5/boltz.tar.gz,/mnt/research/woldring_lab/Members/Eaves/plip-plop/data/4ih5/boltz/4ih5_boltz2_model_0.cif,/mnt/research/woldring_lab/Members/Eaves/plip-plop/data/4ih5/boltz/affinity_4ih5_boltz2.json
4de2,DN3,1.4,2012,4.12,/mnt/research/woldring_lab/Members/Eaves/plip-plop/data/4de2/crystal/4de2_protein.pdb,/mnt/research/woldring_lab/Members/Eaves/plip-plop/data/4de2/crystal/4de2_ligand.sdf,/mnt/research/woldring_lab/Members/Eaves/plip-plop/data/4de2/crystal/4de2_pocket.pdb,gnina,/mnt/research/woldring_lab/Members/Eaves/plip-plop/data/4de2/gnina.tar.gz,/mnt/research/woldring_lab/Members/Eaves/plip-plop/data/4de2/gnina/4de2_POSE.pdb.gz,/mnt/research/woldring_lab/Members/Eaves/plip-plop/data/4de2/gnina/score.sc
4de2,DN3,1.4,2012,4.12,/mnt/research/woldring_lab/Members/Eaves/plip-plop/data/4de2/crystal/4de2_protein.pdb,/mnt/research/woldring_lab/Members/Eaves/plip-plop/data/4de2/crystal/4de2_ligand.sdf,/mnt/research/woldring_lab/Members/Eaves/plip-plop/data/4de2/crystal/4de2_pocket.pdb,rosetta,/mnt/research/woldring_lab/Members/Eaves/plip-plop/data/4de2/rosetta.tar.gz,/mnt/research/woldring_lab/Members/Eaves/plip-plop/data/4de2/rosetta/4de2_POSE.pdb.gz,/mnt/research/woldring_lab/Members/Eaves/plip-plop/data/4de2/rosetta/score.sc
4de2,DN3,1.4,2012,4.12,/mnt/research/woldring_lab/Members/Eaves/plip-plop/data/4de2/crystal/4de2_protein.pdb,/mnt/research/woldring_lab/Members/Eaves/plip-plop/data/4de2/crystal/4de2_ligand.sdf,/mnt/research/woldring_lab/Members/Eaves/plip-plop/data/4de2/crystal/4de2_pocket.pdb,boltz2,/mnt/research/woldring_lab/Members/Eaves/plip-plop/data/4de2/boltz.tar.gz,/mnt/research/woldring_lab/Members/Eaves/plip-plop/data/4de2/boltz/4de2_boltz2_model_0.cif,/mnt/research/woldring_lab/Members/Eaves/plip-plop/data/4de2/boltz/affinity_4de2_boltz2.json
3ozt,OZZ,1.48,2011,4.13,/mnt/research/woldring_lab/Members/Eaves/plip-plop/data/3ozt/crystal/3ozt_protein.pdb,/mnt/research/woldring_lab/Members/Eaves/plip-plop/data/3ozt/crystal/3ozt_ligand.sdf,/mnt/research/woldring_lab/Members/Eaves/plip-plop/data/3ozt/crystal/3ozt_pocket.pdb,gnina,/mnt/research/woldring_lab/Members/Eaves/plip-plop/data/3ozt/gnina.tar.gz,/mnt/research/woldring_lab/Members/Eaves/plip-plop/data/3ozt/gnina/3ozt_POSE.pdb.gz,/mnt/research/woldring_lab/Members/Eaves/plip-plop/data/3ozt/gnina/score.sc
3ozt,OZZ,1.48,2011,4.13,/mnt/research/woldring_lab/Members/Eaves/plip-plop/data/3ozt/crystal/3ozt_protein.pdb,/mnt/research/woldring_lab/Members/Eaves/plip-plop/data/3ozt/crystal/3ozt_ligand.sdf,/mnt/research/woldring_lab/Members/Eaves/plip-plop/data/3ozt/crystal/3ozt_pocket.pdb,rosetta,/mnt/research/woldring_lab/Members/Eaves/plip-plop/data/3ozt/rosetta.tar.gz,/mnt/research/woldring_lab/Members/Eaves/plip-plop/data/3ozt/rosetta/3ozt_POSE.pdb.gz,/mnt/research/woldring_lab/Members/Eaves/plip-plop/data/3ozt/rosetta/score.sc
3ozt,OZZ,1.48,2011,4.13,/mnt/research/woldring_lab/Members/Eaves/plip-plop/data/3ozt/crystal/3ozt_protein.pdb,/mnt/research/woldring_lab/Members/Eaves/plip-plop/data/3ozt/crystal/3ozt_ligand.sdf,/mnt/research/woldring_lab/Members/Eaves/plip-plop/data/3ozt/crystal/3ozt_pocket.pdb,boltz2,/mnt/research/woldring_lab/Members/Eaves/plip-plop/data/3ozt/boltz.tar.gz,/mnt/research/woldring_lab/Members/Eaves/plip-plop/data/3ozt/boltz/3ozt_boltz2_model_0.cif,/mnt/research/woldring_lab/Members/Eaves/plip-plop/data/3ozt/boltz/affinity_3ozt_boltz2.json
3rr4,HRD,1.68,2012,4.55,/mnt/research/woldring_lab/Members/Eaves/plip-plop/data/3rr4/crystal/3rr4_protein.pdb,/mnt/research/woldring_lab/Members/Eaves/plip-plop/data/3rr4/crystal/3rr4_ligand.sdf,/mnt/research/woldring_lab/Members/Eaves/plip-plop/data/3rr4/crystal/3rr4_pocket.pdb,gnina,/mnt/research/woldring_lab/Members/Eaves/plip-plop/data/3rr4/gnina.tar.gz,/mnt/research/woldring_lab/Members/Eaves/plip-plop/data/3rr4/gnina/3rr4_POSE.pdb.gz,/mnt/research/woldring_lab/Members/Eaves/plip-plop/data/3rr4/gnina/score.sc
3rr4,HRD,1.68,2012,4.55,/mnt/research/woldring_lab/Members/Eaves/plip-plop/data/3rr4/crystal/3rr4_protein.pdb,/mnt/research/woldring_lab/Members/Eaves/plip-plop/data/3rr4/crystal/3rr4_ligand.sdf,/mnt/research/woldring_lab/Members/Eaves/plip-plop/data/3rr4/crystal/3rr4_pocket.pdb,rosetta,/mnt/research/woldring_lab/Members/Eaves/plip-plop/data/3rr4/rosetta.tar.gz,/mnt/research/woldring_lab/Members/Eaves/plip-plop/data/3rr4/rosetta/3rr4_POSE.pdb.gz,/mnt/research/woldring_lab/Members/Eaves/plip-plop/data/3rr4/rosetta/score.sc
3rr4,HRD,1.68,2012,4.55,/mnt/research/woldring_lab/Members/Eaves/plip-plop/data/3rr4/crystal/3rr4_protein.pdb,/mnt/research/woldring_lab/Members/Eaves/plip-plop/data/3rr4/crystal/3rr4_ligand.sdf,/mnt/research/woldring_lab/Members/Eaves/plip-plop/data/3rr4/crystal/3rr4_pocket.pdb,boltz2,/mnt/research/woldring_lab/Members/Eaves/plip-plop/data/3rr4/boltz.tar.gz,/mnt/research/woldring_lab/Members/Eaves/plip-plop/data/3rr4/boltz/3rr4_boltz2_model_0.cif,/mnt/research/woldring_lab/Members/Eaves/plip-plop/data/3rr4/boltz/affinity_3rr4_boltz2.json
3ozs,OZS,1.44,2011,5.33,/mnt/research/woldring_lab/Members/Eaves/plip-plop/data/3ozs/crystal/3ozs_protein.pdb,/mnt/research/woldring_lab/Members/Eaves/plip-plop/data/3ozs/crystal/3ozs_ligand.sdf,/mnt/research/woldring_lab/Members/Eaves/plip-plop/data/3ozs/crystal/3ozs_pocket.pdb,gnina,/mnt/research/woldring_lab/Members/Eaves/plip-plop/data/3ozs/gnina.tar.gz,/mnt/research/woldring_lab/Members/Eaves/plip-plop/data/3ozs/gnina/3ozs_POSE.pdb.gz,/mnt/research/woldring_lab/Members/Eaves/plip-plop/data/3ozs/gnina/score.sc
3ozs,OZS,1.44,2011,5.33,/mnt/research/woldring_lab/Members/Eaves/plip-plop/data/3ozs/crystal/3ozs_protein.pdb,/mnt/research/woldring_lab/Members/Eaves/plip-plop/data/3ozs/crystal/3ozs_ligand.sdf,/mnt/research/woldring_lab/Members/Eaves/plip-plop/data/3ozs/crystal/3ozs_pocket.pdb,rosetta,/mnt/research/woldring_lab/Members/Eaves/plip-plop/data/3ozs/rosetta.tar.gz,/mnt/research/woldring_lab/Members/Eaves/plip-plop/data/3ozs/rosetta/3ozs_POSE.pdb.gz,/mnt/research/woldring_lab/Members/Eaves/plip-plop/data/3ozs/rosetta/score.sc
3ozs,OZS,1.44,2011,5.33,/mnt/research/woldring_lab/Members/Eaves/plip-plop/data/3ozs/crystal/3ozs_protein.pdb,/mnt/research/woldring_lab/Members/Eaves/plip-plop/data/3ozs/crystal/3ozs_ligand.sdf,/mnt/research/woldring_lab/Members/Eaves/plip-plop/data/3ozs/crystal/3ozs_pocket.pdb,boltz2,/mnt/research/woldring_lab/Members/Eaves/plip-plop/data/3ozs/boltz.tar.gz,/mnt/research/woldring_lab/Members/Eaves/plip-plop/data/3ozs/boltz/3ozs_boltz2_model_0.cif,/mnt/research/woldring_lab/Members/Eaves/plip-plop/data/3ozs/boltz/affinity_3ozs_boltz2.json
4de3,DN8,1.44,2012,5.52,/mnt/research/woldring_lab/Members/Eaves/plip-plop/data/4de3/crystal/4de3_protein.pdb,/mnt/research/woldring_lab/Members/Eaves/plip-plop/data/4de3/crystal/4de3_ligand.sdf,/mnt/research/woldring_lab/Members/Eaves/plip-plop/data/4de3/crystal/4de3_pocket.pdb,gnina,/mnt/research/woldring_lab/Members/Eaves/plip-plop/data/4de3/gnina.tar.gz,/mnt/research/woldring_lab/Members/Eaves/plip-plop/data/4de3/gnina/4de3_POSE.pdb.gz,/mnt/research/woldring_lab/Members/Eaves/plip-plop/data/4de3/gnina/score.sc
4de3,DN8,1.44,2012,5.52,/mnt/research/woldring_lab/Members/Eaves/plip-plop/data/4de3/crystal/4de3_protein.pdb,/mnt/research/woldring_lab/Members/Eaves/plip-plop/data/4de3/crystal/4de3_ligand.sdf,/mnt/research/woldring_lab/Members/Eaves/plip-plop/data/4de3/crystal/4de3_pocket.pdb,rosetta,/mnt/research/woldring_lab/Members/Eaves/plip-plop/data/4de3/rosetta.tar.gz,/mnt/research/woldring_lab/Members/Eaves/plip-plop/data/4de3/rosetta/4de3_POSE.pdb.gz,/mnt/research/woldring_lab/Members/Eaves/plip-plop/data/4de3/rosetta/score.sc
4de3,DN8,1.44,2012,5.52,/mnt/research/woldring_lab/Members/Eaves/plip-plop/data/4de3/crystal/4de3_protein.pdb,/mnt/research/woldring_lab/Members/Eaves/plip-plop/data/4de3/crystal/4de3_ligand.sdf,/mnt/research/woldring_lab/Members/Eaves/plip-plop/data/4de3/crystal/4de3_pocket.pdb,boltz2,/mnt/research/woldring_lab/Members/Eaves/plip-plop/data/4de3/boltz.tar.gz,/mnt/research/woldring_lab/Members/Eaves/plip-plop/data/4de3/boltz/4de3_boltz2_model_0.cif,/mnt/research/woldring_lab/Members/Eaves/plip-plop/data/4de3/boltz/affinity_4de3_boltz2.json
4dli,IRG,1.91,2013,5.62,/mnt/research/woldring_lab/Members/Eaves/plip-plop/data/4dli/crystal/4dli_protein.pdb,/mnt/research/woldring_lab/Members/Eaves/plip-plop/data/4dli/crystal/4dli_ligand.sdf,/mnt/research/woldring_lab/Members/Eaves/plip-plop/data/4dli/crystal/4dli_pocket.pdb,gnina,/mnt/research/woldring_lab/Members/Eaves/plip-plop/data/4dli/gnina.tar.gz,/mnt/research/woldring_lab/Members/Eaves/plip-plop/data/4dli/gnina/4dli_POSE.pdb.gz,/mnt/research/woldring_lab/Members/Eaves/plip-plop/data/4dli/gnina/score.sc
4dli,IRG,1.91,2013,5.62,/mnt/research/woldring_lab/Members/Eaves/plip-plop/data/4dli/crystal/4dli_protein.pdb,/mnt/research/woldring_lab/Members/Eaves/plip-plop/data/4dli/crystal/4dli_ligand.sdf,/mnt/research/woldring_lab/Members/Eaves/plip-plop/data/4dli/crystal/4dli_pocket.pdb,rosetta,/mnt/research/woldring_lab/Members/Eaves/plip-plop/data/4dli/rosetta.tar.gz,/mnt/research/woldring_lab/Members/Eaves/plip-plop/data/4dli/rosetta/4dli_POSE.pdb.gz,/mnt/research/woldring_lab/Members/Eaves/plip-plop/data/4dli/rosetta/score.sc
4dli,IRG,1.91,2013,5.62,/mnt/research/woldring_lab/Members/Eaves/plip-plop/data/4dli/crystal/4dli_protein.pdb,/mnt/research/woldring_lab/Members/Eaves/plip-plop/data/4dli/crystal/4dli_ligand.sdf,/mnt/research/woldring_lab/Members/Eaves/plip-plop/data/4dli/crystal/4dli_pocket.pdb,boltz2,/mnt/research/woldring_lab/Members/Eaves/plip-plop/data/4dli/boltz.tar.gz,/mnt/research/woldring_lab/Members/Eaves/plip-plop/data/4dli/boltz/4dli_boltz2_model_0.cif,/mnt/research/woldring_lab/Members/Eaves/plip-plop/data/4dli/boltz/affinity_4dli_boltz2.json
4dld,TZG,2.0,2012,5.82,/mnt/research/woldring_lab/Members/Eaves/plip-plop/data/4dld/crystal/4dld_protein.pdb,/mnt/research/woldring_lab/Members/Eaves/plip-plop/data/4dld/crystal/4dld_ligand.sdf,/mnt/research/woldring_lab/Members/Eaves/plip-plop/data/4dld/crystal/4dld_pocket.pdb,gnina,/mnt/research/woldring_lab/Members/Eaves/plip-plop/data/4dld/gnina.tar.gz,/mnt/research/woldring_lab/Members/Eaves/plip-plop/data/4dld/gnina/4dld_POSE.pdb.gz,/mnt/research/woldring_lab/Members/Eaves/plip-plop/data/4dld/gnina/score.sc
4dld,TZG,2.0,2012,5.82,/mnt/research/woldring_lab/Members/Eaves/plip-plop/data/4dld/crystal/4dld_protein.pdb,/mnt/research/woldring_lab/Members/Eaves/plip-plop/data/4dld/crystal/4dld_ligand.sdf,/mnt/research/woldring_lab/Members/Eaves/plip-plop/data/4dld/crystal/4dld_pocket.pdb,rosetta,/mnt/research/woldring_lab/Members/Eaves/plip-plop/data/4dld/rosetta.tar.gz,/mnt/research/woldring_lab/Members/Eaves/plip-plop/data/4dld/rosetta/4dld_POSE.pdb.gz,/mnt/research/woldring_lab/Members/Eaves/plip-plop/data/4dld/rosetta/score.sc
4dld,TZG,2.0,2012,5.82,/mnt/research/woldring_lab/Members/Eaves/plip-plop/data/4dld/crystal/4dld_protein.pdb,/mnt/research/woldring_lab/Members/Eaves/plip-plop/data/4dld/crystal/4dld_ligand.sdf,/mnt/research/woldring_lab/Members/Eaves/plip-plop/data/4dld/crystal/4dld_pocket.pdb,boltz2,/mnt/research/woldring_lab/Members/Eaves/plip-plop/data/4dld/boltz.tar.gz,/mnt/research/woldring_lab/Members/Eaves/plip-plop/data/4dld/boltz/4dld_boltz2_model_0.cif,/mnt/research/woldring_lab/Members/Eaves/plip-plop/data/4dld/boltz/affinity_4dld_boltz2.json
4de1,0J6,1.26,2012,5.96,/mnt/research/woldring_lab/Members/Eaves/plip-plop/data/4de1/crystal/4de1_protein.pdb,/mnt/research/woldring_lab/Members/Eaves/plip-plop/data/4de1/crystal/4de1_ligand.sdf,/mnt/research/woldring_lab/Members/Eaves/plip-plop/data/4de1/crystal/4de1_pocket.pdb,gnina,/mnt/research/woldring_lab/Members/Eaves/plip-plop/data/4de1/gnina.tar.gz,/mnt/research/woldring_lab/Members/Eaves/plip-plop/data/4de1/gnina/4de1_POSE.pdb.gz,/mnt/research/woldring_lab/Members/Eaves/plip-plop/data/4de1/gnina/score.sc
4de1,0J6,1.26,2012,5.96,/mnt/research/woldring_lab/Members/Eaves/plip-plop/data/4de1/crystal/4de1_protein.pdb,/mnt/research/woldring_lab/Members/Eaves/plip-plop/data/4de1/crystal/4de1_ligand.sdf,/mnt/research/woldring_lab/Members/Eaves/plip-plop/data/4de1/crystal/4de1_pocket.pdb,rosetta,/mnt/research/woldring_lab/Members/Eaves/plip-plop/data/4de1/rosetta.tar.gz,/mnt/research/woldring_lab/Members/Eaves/plip-plop/data/4de1/rosetta/4de1_POSE.pdb.gz,/mnt/research/woldring_lab/Members/Eaves/plip-plop/data/4de1/rosetta/score.sc
4de1,0J6,1.26,2012,5.96,/mnt/research/woldring_lab/Members/Eaves/plip-plop/data/4de1/crystal/4de1_protein.pdb,/mnt/research/woldring_lab/Members/Eaves/plip-plop/data/4de1/crystal/4de1_ligand.sdf,/mnt/research/woldring_lab/Members/Eaves/plip-plop/data/4de1/crystal/4de1_pocket.pdb,boltz2,/mnt/research/woldring_lab/Members/Eaves/plip-plop/data/4de1/boltz.tar.gz,/mnt/research/woldring_lab/Members/Eaves/plip-plop/data/4de1/boltz/4de1_boltz2_model_0.cif,/mnt/research/woldring_lab/Members/Eaves/plip-plop/data/4de1/boltz/affinity_4de1_boltz2.json
2fxs,RDA,2.0,2007,6.06,/mnt/research/woldring_lab/Members/Eaves/plip-plop/data/2fxs/crystal/2fxs_protein.pdb,/mnt/research/woldring_lab/Members/Eaves/plip-plop/data/2fxs/crystal/2fxs_ligand.sdf,/mnt/research/woldring_lab/Members/Eaves/plip-plop/data/2fxs/crystal/2fxs_pocket.pdb,gnina,/mnt/research/woldring_lab/Members/Eaves/plip-plop/data/2fxs/gnina.tar.gz,/mnt/research/woldring_lab/Members/Eaves/plip-plop/data/2fxs/gnina/2fxs_POSE.pdb.gz,/mnt/research/woldring_lab/Members/Eaves/plip-plop/data/2fxs/gnina/score.sc
2fxs,RDA,2.0,2007,6.06,/mnt/research/woldring_lab/Members/Eaves/plip-plop/data/2fxs/crystal/2fxs_protein.pdb,/mnt/research/woldring_lab/Members/Eaves/plip-plop/data/2fxs/crystal/2fxs_ligand.sdf,/mnt/research/woldring_lab/Members/Eaves/plip-plop/data/2fxs/crystal/2fxs_pocket.pdb,rosetta,/mnt/research/woldring_lab/Members/Eaves/plip-plop/data/2fxs/rosetta.tar.gz,/mnt/research/woldring_lab/Members/Eaves/plip-plop/data/2fxs/rosetta/2fxs_POSE.pdb.gz,/mnt/research/woldring_lab/Members/Eaves/plip-plop/data/2fxs/rosetta/score.sc
2fxs,RDA,2.0,2007,6.06,/mnt/research/woldring_lab/Members/Eaves/plip-plop/data/2fxs/crystal/2fxs_protein.pdb,/mnt/research/woldring_lab/Members/Eaves/plip-plop/data/2fxs/crystal/2fxs_ligand.sdf,/mnt/research/woldring_lab/Members/Eaves/plip-plop/data/2fxs/crystal/2fxs_pocket.pdb,boltz2,/mnt/research/woldring_lab/Members/Eaves/plip-plop/data/2fxs/boltz.tar.gz,/mnt/research/woldring_lab/Members/Eaves/plip-plop/data/2fxs/boltz/2fxs_boltz2_model_0.cif,/mnt/research/woldring_lab/Members/Eaves/plip-plop/data/2fxs/boltz/affinity_2fxs_boltz2.json
3jvs,AGY,1.9,2009,6.54,/mnt/research/woldring_lab/Members/Eaves/plip-plop/data/3jvs/crystal/3jvs_protein.pdb,/mnt/research/woldring_lab/Members/Eaves/plip-plop/data/3jvs/crystal/3jvs_ligand.sdf,/mnt/research/woldring_lab/Members/Eaves/plip-plop/data/3jvs/crystal/3jvs_pocket.pdb,gnina,/mnt/research/woldring_lab/Members/Eaves/plip-plop/data/3jvs/gnina.tar.gz,/mnt/research/woldring_lab/Members/Eaves/plip-plop/data/3jvs/gnina/3jvs_POSE.pdb.gz,/mnt/research/woldring_lab/Members/Eaves/plip-plop/data/3jvs/gnina/score.sc
3jvs,AGY,1.9,2009,6.54,/mnt/research/woldring_lab/Members/Eaves/plip-plop/data/3jvs/crystal/3jvs_protein.pdb,/mnt/research/woldring_lab/Members/Eaves/plip-plop/data/3jvs/crystal/3jvs_ligand.sdf,/mnt/research/woldring_lab/Members/Eaves/plip-plop/data/3jvs/crystal/3jvs_pocket.pdb,rosetta,/mnt/research/woldring_lab/Members/Eaves/plip-plop/data/3jvs/rosetta.tar.gz,/mnt/research/woldring_lab/Members/Eaves/plip-plop/data/3jvs/rosetta/3jvs_POSE.pdb.gz,/mnt/research/woldring_lab/Members/Eaves/plip-plop/data/3jvs/rosetta/score.sc
3jvs,AGY,1.9,2009,6.54,/mnt/research/woldring_lab/Members/Eaves/plip-plop/data/3jvs/crystal/3jvs_protein.pdb,/mnt/research/woldring_lab/Members/Eaves/plip-plop/data/3jvs/crystal/3jvs_ligand.sdf,/mnt/research/woldring_lab/Members/Eaves/plip-plop/data/3jvs/crystal/3jvs_pocket.pdb,boltz2,/mnt/research/woldring_lab/Members/Eaves/plip-plop/data/3jvs/boltz.tar.gz,/mnt/research/woldring_lab/Members/Eaves/plip-plop/data/3jvs/boltz/3jvs_boltz2_model_0.cif,/mnt/research/woldring_lab/Members/Eaves/plip-plop/data/3jvs/boltz/affinity_3jvs_boltz2.json
2iwx,M1S,1.5,2006,6.68,/mnt/research/woldring_lab/Members/Eaves/plip-plop/data/2iwx/crystal/2iwx_protein.pdb,/mnt/research/woldring_lab/Members/Eaves/plip-plop/data/2iwx/crystal/2iwx_ligand.sdf,/mnt/research/woldring_lab/Members/Eaves/plip-plop/data/2iwx/crystal/2iwx_pocket.pdb,gnina,/mnt/research/woldring_lab/Members/Eaves/plip-plop/data/2iwx/gnina.tar.gz,/mnt/research/woldring_lab/Members/Eaves/plip-plop/data/2iwx/gnina/2iwx_POSE.pdb.gz,/mnt/research/woldring_lab/Members/Eaves/plip-plop/data/2iwx/gnina/score.sc
2iwx,M1S,1.5,2006,6.68,/mnt/research/woldring_lab/Members/Eaves/plip-plop/data/2iwx/crystal/2iwx_protein.pdb,/mnt/research/woldring_lab/Members/Eaves/plip-plop/data/2iwx/crystal/2iwx_ligand.sdf,/mnt/research/woldring_lab/Members/Eaves/plip-plop/data/2iwx/crystal/2iwx_pocket.pdb,rosetta,/mnt/research/woldring_lab/Members/Eaves/plip-plop/data/2iwx/rosetta.tar.gz,/mnt/research/woldring_lab/Members/Eaves/plip-plop/data/2iwx/rosetta/2iwx_POSE.pdb.gz,/mnt/research/woldring_lab/Members/Eaves/plip-plop/data/2iwx/rosetta/score.sc
2iwx,M1S,1.5,2006,6.68,/mnt/research/woldring_lab/Members/Eaves/plip-plop/data/2iwx/crystal/2iwx_protein.pdb,/mnt/research/woldring_lab/Members/Eaves/plip-plop/data/2iwx/crystal/2iwx_ligand.sdf,/mnt/research/woldring_lab/Members/Eaves/plip-plop/data/2iwx/crystal/2iwx_pocket.pdb,boltz2,/mnt/research/woldring_lab/Members/Eaves/plip-plop/data/2iwx/boltz.tar.gz,/mnt/research/woldring_lab/Members/Eaves/plip-plop/data/2iwx/boltz/2iwx_boltz2_model_0.cif,/mnt/research/woldring_lab/Members/Eaves/plip-plop/data/2iwx/boltz/affinity_2iwx_boltz2.json
4djv,0KM,1.73,2012,6.72,/mnt/research/woldring_lab/Members/Eaves/plip-plop/data/4djv/crystal/4djv_protein.pdb,/mnt/research/woldring_lab/Members/Eaves/plip-plop/data/4djv/crystal/4djv_ligand.sdf,/mnt/research/woldring_lab/Members/Eaves/plip-plop/data/4djv/crystal/4djv_pocket.pdb,gnina,/mnt/research/woldring_lab/Members/Eaves/plip-plop/data/4djv/gnina.tar.gz,/mnt/research/woldring_lab/Members/Eaves/plip-plop/data/4djv/gnina/4djv_POSE.pdb.gz,/mnt/research/woldring_lab/Members/Eaves/plip-plop/data/4djv/gnina/score.sc
4djv,0KM,1.73,2012,6.72,/mnt/research/woldring_lab/Members/Eaves/plip-plop/data/4djv/crystal/4djv_protein.pdb,/mnt/research/woldring_lab/Members/Eaves/plip-plop/data/4djv/crystal/4djv_ligand.sdf,/mnt/research/woldring_lab/Members/Eaves/plip-plop/data/4djv/crystal/4djv_pocket.pdb,rosetta,/mnt/research/woldring_lab/Members/Eaves/plip-plop/data/4djv/rosetta.tar.gz,/mnt/research/woldring_lab/Members/Eaves/plip-plop/data/4djv/rosetta/4djv_POSE.pdb.gz,/mnt/research/woldring_lab/Members/Eaves/plip-plop/data/4djv/rosetta/score.sc
4djv,0KM,1.73,2012,6.72,/mnt/research/woldring_lab/Members/Eaves/plip-plop/data/4djv/crystal/4djv_protein.pdb,/mnt/research/woldring_lab/Members/Eaves/plip-plop/data/4djv/crystal/4djv_ligand.sdf,/mnt/research/woldring_lab/Members/Eaves/plip-plop/data/4djv/crystal/4djv_pocket.pdb,boltz2,/mnt/research/woldring_lab/Members/Eaves/plip-plop/data/4djv/boltz.tar.gz,/mnt/research/woldring_lab/Members/Eaves/plip-plop/data/4djv/boltz/4djv_boltz2_model_0.cif,/mnt/research/woldring_lab/Members/Eaves/plip-plop/data/4djv/boltz/affinity_4djv_boltz2.json
3dx2,MZB,1.4,2009,6.82,/mnt/research/woldring_lab/Members/Eaves/plip-plop/data/3dx2/crystal/3dx2_protein.pdb,/mnt/research/woldring_lab/Members/Eaves/plip-plop/data/3dx2/crystal/3dx2_ligand.sdf,/mnt/research/woldring_lab/Members/Eaves/plip-plop/data/3dx2/crystal/3dx2_pocket.pdb,gnina,/mnt/research/woldring_lab/Members/Eaves/plip-plop/data/3dx2/gnina.tar.gz,/mnt/research/woldring_lab/Members/Eaves/plip-plop/data/3dx2/gnina/3dx2_POSE.pdb.gz,/mnt/research/woldring_lab/Members/Eaves/plip-plop/data/3dx2/gnina/score.sc
3dx2,MZB,1.4,2009,6.82,/mnt/research/woldring_lab/Members/Eaves/plip-plop/data/3dx2/crystal/3dx2_protein.pdb,/mnt/research/woldring_lab/Members/Eaves/plip-plop/data/3dx2/crystal/3dx2_ligand.sdf,/mnt/research/woldring_lab/Members/Eaves/plip-plop/data/3dx2/crystal/3dx2_pocket.pdb,rosetta,/mnt/research/woldring_lab/Members/Eaves/plip-plop/data/3dx2/rosetta.tar.gz,/mnt/research/woldring_lab/Members/Eaves/plip-plop/data/3dx2/rosetta/3dx2_POSE.pdb.gz,/mnt/research/woldring_lab/Members/Eaves/plip-plop/data/3dx2/rosetta/score.sc
3dx2,MZB,1.4,2009,6.82,/mnt/research/woldring_lab/Members/Eaves/plip-plop/data/3dx2/crystal/3dx2_protein.pdb,/mnt/research/woldring_lab/Members/Eaves/plip-plop/data/3dx2/crystal/3dx2_ligand.sdf,/mnt/research/woldring_lab/Members/Eaves/plip-plop/data/3dx2/crystal/3dx2_pocket.pdb,boltz2,/mnt/research/woldring_lab/Members/Eaves/plip-plop/data/3dx2/boltz.tar.gz,/mnt/research/woldring_lab/Members/Eaves/plip-plop/data/3dx2/boltz/3dx2_boltz2_model_0.cif,/mnt/research/woldring_lab/Members/Eaves/plip-plop/data/3dx2/boltz/affinity_3dx2_boltz2.json
3oe5,611,1.52,2011,6.88,/mnt/research/woldring_lab/Members/Eaves/plip-plop/data/3oe5/crystal/3oe5_protein.pdb,/mnt/research/woldring_lab/Members/Eaves/plip-plop/data/3oe5/crystal/3oe5_ligand.sdf,/mnt/research/woldring_lab/Members/Eaves/plip-plop/data/3oe5/crystal/3oe5_pocket.pdb,gnina,/mnt/research/woldring_lab/Members/Eaves/plip-plop/data/3oe5/gnina.tar.gz,/mnt/research/woldring_lab/Members/Eaves/plip-plop/data/3oe5/gnina/3oe5_POSE.pdb.gz,/mnt/research/woldring_lab/Members/Eaves/plip-plop/data/3oe5/gnina/score.sc
3oe5,611,1.52,2011,6.88,/mnt/research/woldring_lab/Members/Eaves/plip-plop/data/3oe5/crystal/3oe5_protein.pdb,/mnt/research/woldring_lab/Members/Eaves/plip-plop/data/3oe5/crystal/3oe5_ligand.sdf,/mnt/research/woldring_lab/Members/Eaves/plip-plop/data/3oe5/crystal/3oe5_pocket.pdb,rosetta,/mnt/research/woldring_lab/Members/Eaves/plip-plop/data/3oe5/rosetta.tar.gz,/mnt/research/woldring_lab/Members/Eaves/plip-plop/data/3oe5/rosetta/3oe5_POSE.pdb.gz,/mnt/research/woldring_lab/Members/Eaves/plip-plop/data/3oe5/rosetta/score.sc
3oe5,611,1.52,2011,6.88,/mnt/research/woldring_lab/Members/Eaves/plip-plop/data/3oe5/crystal/3oe5_protein.pdb,/mnt/research/woldring_lab/Members/Eaves/plip-plop/data/3oe5/crystal/3oe5_ligand.sdf,/mnt/research/woldring_lab/Members/Eaves/plip-plop/data/3oe5/crystal/3oe5_pocket.pdb,boltz2,/mnt/research/woldring_lab/Members/Eaves/plip-plop/data/3oe5/boltz.tar.gz,/mnt/research/woldring_lab/Members/Eaves/plip-plop/data/3oe5/boltz/3oe5_boltz2_model_0.cif,/mnt/research/woldring_lab/Members/Eaves/plip-plop/data/3oe5/boltz/affinity_3oe5_boltz2.json
2wer,RDC,1.6,2009,7.05,/mnt/research/woldring_lab/Members/Eaves/plip-plop/data/2wer/crystal/2wer_protein.pdb,/mnt/research/woldring_lab/Members/Eaves/plip-plop/data/2wer/crystal/2wer_ligand.sdf,/mnt/research/woldring_lab/Members/Eaves/plip-plop/data/2wer/crystal/2wer_pocket.pdb,gnina,/mnt/research/woldring_lab/Members/Eaves/plip-plop/data/2wer/gnina.tar.gz,/mnt/research/woldring_lab/Members/Eaves/plip-plop/data/2wer/gnina/2wer_POSE.pdb.gz,/mnt/research/woldring_lab/Members/Eaves/plip-plop/data/2wer/gnina/score.sc
2wer,RDC,1.6,2009,7.05,/mnt/research/woldring_lab/Members/Eaves/plip-plop/data/2wer/crystal/2wer_protein.pdb,/mnt/research/woldring_lab/Members/Eaves/plip-plop/data/2wer/crystal/2wer_ligand.sdf,/mnt/research/woldring_lab/Members/Eaves/plip-plop/data/2wer/crystal/2wer_pocket.pdb,rosetta,/mnt/research/woldring_lab/Members/Eaves/plip-plop/data/2wer/rosetta.tar.gz,/mnt/research/woldring_lab/Members/Eaves/plip-plop/data/2wer/rosetta/2wer_POSE.pdb.gz,/mnt/research/woldring_lab/Members/Eaves/plip-plop/data/2wer/rosetta/score.sc
2wer,RDC,1.6,2009,7.05,/mnt/research/woldring_lab/Members/Eaves/plip-plop/data/2wer/crystal/2wer_protein.pdb,/mnt/research/woldring_lab/Members/Eaves/plip-plop/data/2wer/crystal/2wer_ligand.sdf,/mnt/research/woldring_lab/Members/Eaves/plip-plop/data/2wer/crystal/2wer_pocket.pdb,boltz2,/mnt/research/woldring_lab/Members/Eaves/plip-plop/data/2wer/boltz.tar.gz,/mnt/research/woldring_lab/Members/Eaves/plip-plop/data/2wer/boltz/2wer_boltz2_model_0.cif,/mnt/research/woldring_lab/Members/Eaves/plip-plop/data/2wer/boltz/affinity_2wer_boltz2.json
2j7h,AZF,1.95,2006,7.19,/mnt/research/woldring_lab/Members/Eaves/plip-plop/data/2j7h/crystal/2j7h_protein.pdb,/mnt/research/woldring_lab/Members/Eaves/plip-plop/data/2j7h/crystal/2j7h_ligand.sdf,/mnt/research/woldring_lab/Members/Eaves/plip-plop/data/2j7h/crystal/2j7h_pocket.pdb,gnina,/mnt/research/woldring_lab/Members/Eaves/plip-plop/data/2j7h/gnina.tar.gz,/mnt/research/woldring_lab/Members/Eaves/plip-plop/data/2j7h/gnina/2j7h_POSE.pdb.gz,/mnt/research/woldring_lab/Members/Eaves/plip-plop/data/2j7h/gnina/score.sc
2j7h,AZF,1.95,2006,7.19,/mnt/research/woldring_lab/Members/Eaves/plip-plop/data/2j7h/crystal/2j7h_protein.pdb,/mnt/research/woldring_lab/Members/Eaves/plip-plop/data/2j7h/crystal/2j7h_ligand.sdf,/mnt/research/woldring_lab/Members/Eaves/plip-plop/data/2j7h/crystal/2j7h_pocket.pdb,rosetta,/mnt/research/woldring_lab/Members/Eaves/plip-plop/data/2j7h/rosetta.tar.gz,/mnt/research/woldring_lab/Members/Eaves/plip-plop/data/2j7h/rosetta/2j7h_POSE.pdb.gz,/mnt/research/woldring_lab/Members/Eaves/plip-plop/data/2j7h/rosetta/score.sc
2j7h,AZF,1.95,2006,7.19,/mnt/research/woldring_lab/Members/Eaves/plip-plop/data/2j7h/crystal/2j7h_protein.pdb,/mnt/research/woldring_lab/Members/Eaves/plip-plop/data/2j7h/crystal/2j7h_ligand.sdf,/mnt/research/woldring_lab/Members/Eaves/plip-plop/data/2j7h/crystal/2j7h_pocket.pdb,boltz2,/mnt/research/woldring_lab/Members/Eaves/plip-plop/data/2j7h/boltz.tar.gz,/mnt/research/woldring_lab/Members/Eaves/plip-plop/data/2j7h/boltz/2j7h_boltz2_model_0.cif,/mnt/research/woldring_lab/Members/Eaves/plip-plop/data/2j7h/boltz/affinity_2j7h_boltz2.json
3gc5,2MQ,1.4,2009,7.26,/mnt/research/woldring_lab/Members/Eaves/plip-plop/data/3gc5/crystal/3gc5_protein.pdb,/mnt/research/woldring_lab/Members/Eaves/plip-plop/data/3gc5/crystal/3gc5_ligand.sdf,/mnt/research/woldring_lab/Members/Eaves/plip-plop/data/3gc5/crystal/3gc5_pocket.pdb,gnina,/mnt/research/woldring_lab/Members/Eaves/plip-plop/data/3gc5/gnina.tar.gz,/mnt/research/woldring_lab/Members/Eaves/plip-plop/data/3gc5/gnina/3gc5_POSE.pdb.gz,/mnt/research/woldring_lab/Members/Eaves/plip-plop/data/3gc5/gnina/score.sc
3gc5,2MQ,1.4,2009,7.26,/mnt/research/woldring_lab/Members/Eaves/plip-plop/data/3gc5/crystal/3gc5_protein.pdb,/mnt/research/woldring_lab/Members/Eaves/plip-plop/data/3gc5/crystal/3gc5_ligand.sdf,/mnt/research/woldring_lab/Members/Eaves/plip-plop/data/3gc5/crystal/3gc5_pocket.pdb,rosetta,/mnt/research/woldring_lab/Members/Eaves/plip-plop/data/3gc5/rosetta.tar.gz,/mnt/research/woldring_lab/Members/Eaves/plip-plop/data/3gc5/rosetta/3gc5_POSE.pdb.gz,/mnt/research/woldring_lab/Members/Eaves/plip-plop/data/3gc5/rosetta/score.sc
3gc5,2MQ,1.4,2009,7.26,/mnt/research/woldring_lab/Members/Eaves/plip-plop/data/3gc5/crystal/3gc5_protein.pdb,/mnt/research/woldring_lab/Members/Eaves/plip-plop/data/3gc5/crystal/3gc5_ligand.sdf,/mnt/research/woldring_lab/Members/Eaves/plip-plop/data/3gc5/crystal/3gc5_pocket.pdb,boltz2,/mnt/research/woldring_lab/Members/Eaves/plip-plop/data/3gc5/boltz.tar.gz,/mnt/research/woldring_lab/Members/Eaves/plip-plop/data/3gc5/boltz/3gc5_boltz2_model_0.cif,/mnt/research/woldring_lab/Members/Eaves/plip-plop/data/3gc5/boltz/affinity_3gc5_boltz2.json
3oe4,610,1.49,2011,7.47,/mnt/research/woldring_lab/Members/Eaves/plip-plop/data/3oe4/crystal/3oe4_protein.pdb,/mnt/research/woldring_lab/Members/Eaves/plip-plop/data/3oe4/crystal/3oe4_ligand.sdf,/mnt/research/woldring_lab/Members/Eaves/plip-plop/data/3oe4/crystal/3oe4_pocket.pdb,gnina,/mnt/research/woldring_lab/Members/Eaves/plip-plop/data/3oe4/gnina.tar.gz,/mnt/research/woldring_lab/Members/Eaves/plip-plop/data/3oe4/gnina/3oe4_POSE.pdb.gz,/mnt/research/woldring_lab/Members/Eaves/plip-plop/data/3oe4/gnina/score.sc
3oe4,610,1.49,2011,7.47,/mnt/research/woldring_lab/Members/Eaves/plip-plop/data/3oe4/crystal/3oe4_protein.pdb,/mnt/research/woldring_lab/Members/Eaves/plip-plop/data/3oe4/crystal/3oe4_ligand.sdf,/mnt/research/woldring_lab/Members/Eaves/plip-plop/data/3oe4/crystal/3oe4_pocket.pdb,rosetta,/mnt/research/woldring_lab/Members/Eaves/plip-plop/data/3oe4/rosetta.tar.gz,/mnt/research/woldring_lab/Members/Eaves/plip-plop/data/3oe4/rosetta/3oe4_POSE.pdb.gz,/mnt/research/woldring_lab/Members/Eaves/plip-plop/data/3oe4/rosetta/score.sc
3oe4,610,1.49,2011,7.47,/mnt/research/woldring_lab/Members/Eaves/plip-plop/data/3oe4/crystal/3oe4_protein.pdb,/mnt/research/woldring_lab/Members/Eaves/plip-plop/data/3oe4/crystal/3oe4_ligand.sdf,/mnt/research/woldring_lab/Members/Eaves/plip-plop/data/3oe4/crystal/3oe4_pocket.pdb,boltz2,/mnt/research/woldring_lab/Members/Eaves/plip-plop/data/3oe4/boltz.tar.gz,/mnt/research/woldring_lab/Members/Eaves/plip-plop/data/3oe4/boltz/3oe4_boltz2_model_0.cif,/mnt/research/woldring_lab/Members/Eaves/plip-plop/data/3oe4/boltz/affinity_3oe4_boltz2.json
3fur,Z12,2.3,2009,8.0,/mnt/research/woldring_lab/Members/Eaves/plip-plop/data/3fur/crystal/3fur_protein.pdb,/mnt/research/woldring_lab/Members/Eaves/plip-plop/data/3fur/crystal/3fur_ligand.sdf,/mnt/research/woldring_lab/Members/Eaves/plip-plop/data/3fur/crystal/3fur_pocket.pdb,gnina,/mnt/research/woldring_lab/Members/Eaves/plip-plop/data/3fur/gnina.tar.gz,/mnt/research/woldring_lab/Members/Eaves/plip-plop/data/3fur/gnina/3fur_POSE.pdb.gz,/mnt/research/woldring_lab/Members/Eaves/plip-plop/data/3fur/gnina/score.sc
3fur,Z12,2.3,2009,8.0,/mnt/research/woldring_lab/Members/Eaves/plip-plop/data/3fur/crystal/3fur_protein.pdb,/mnt/research/woldring_lab/Members/Eaves/plip-plop/data/3fur/crystal/3fur_ligand.sdf,/mnt/research/woldring_lab/Members/Eaves/plip-plop/data/3fur/crystal/3fur_pocket.pdb,rosetta,/mnt/research/woldring_lab/Members/Eaves/plip-plop/data/3fur/rosetta.tar.gz,/mnt/research/woldring_lab/Members/Eaves/plip-plop/data/3fur/rosetta/3fur_POSE.pdb.gz,/mnt/research/woldring_lab/Members/Eaves/plip-plop/data/3fur/rosetta/score.sc
3fur,Z12,2.3,2009,8.0,/mnt/research/woldring_lab/Members/Eaves/plip-plop/data/3fur/crystal/3fur_protein.pdb,/mnt/research/woldring_lab/Members/Eaves/plip-plop/data/3fur/crystal/3fur_ligand.sdf,/mnt/research/woldring_lab/Members/Eaves/plip-plop/data/3fur/crystal/3fur_pocket.pdb,boltz2,/mnt/research/woldring_lab/Members/Eaves/plip-plop/data/3fur/boltz.tar.gz,/mnt/research/woldring_lab/Members/Eaves/plip-plop/data/3fur/boltz/3fur_boltz2_model_0.cif,/mnt/research/woldring_lab/Members/Eaves/plip-plop/data/3fur/boltz/affinity_3fur_boltz2.json
2v7a,627,2.5,2007,8.3,/mnt/research/woldring_lab/Members/Eaves/plip-plop/data/2v7a/crystal/2v7a_protein.pdb,/mnt/research/woldring_lab/Members/Eaves/plip-plop/data/2v7a/crystal/2v7a_ligand.sdf,/mnt/research/woldring_lab/Members/Eaves/plip-plop/data/2v7a/crystal/2v7a_pocket.pdb,gnina,/mnt/research/woldring_lab/Members/Eaves/plip-plop/data/2v7a/gnina.tar.gz,/mnt/research/woldring_lab/Members/Eaves/plip-plop/data/2v7a/gnina/2v7a_POSE.pdb.gz,/mnt/research/woldring_lab/Members/Eaves/plip-plop/data/2v7a/gnina/score.sc
2v7a,627,2.5,2007,8.3,/mnt/research/woldring_lab/Members/Eaves/plip-plop/data/2v7a/crystal/2v7a_protein.pdb,/mnt/research/woldring_lab/Members/Eaves/plip-plop/data/2v7a/crystal/2v7a_ligand.sdf,/mnt/research/woldring_lab/Members/Eaves/plip-plop/data/2v7a/crystal/2v7a_pocket.pdb,rosetta,/mnt/research/woldring_lab/Members/Eaves/plip-plop/data/2v7a/rosetta.tar.gz,/mnt/research/woldring_lab/Members/Eaves/plip-plop/data/2v7a/rosetta/2v7a_POSE.pdb.gz,/mnt/research/woldring_lab/Members/Eaves/plip-plop/data/2v7a/rosetta/score.sc
2v7a,627,2.5,2007,8.3,/mnt/research/woldring_lab/Members/Eaves/plip-plop/data/2v7a/crystal/2v7a_protein.pdb,/mnt/research/woldring_lab/Members/Eaves/plip-plop/data/2v7a/crystal/2v7a_ligand.sdf,/mnt/research/woldring_lab/Members/Eaves/plip-plop/data/2v7a/crystal/2v7a_pocket.pdb,boltz2,/mnt/research/woldring_lab/Members/Eaves/plip-plop/data/2v7a/boltz.tar.gz,/mnt/research/woldring_lab/Members/Eaves/plip-plop/data/2v7a/boltz/2v7a_boltz2_model_0.cif,/mnt/research/woldring_lab/Members/Eaves/plip-plop/data/2v7a/boltz/affinity_2v7a_boltz2.json
4x6p,3YU,1.93,2015,8.3,/mnt/research/woldring_lab/Members/Eaves/plip-plop/data/4x6p/crystal/4x6p_protein.pdb,/mnt/research/woldring_lab/Members/Eaves/plip-plop/data/4x6p/crystal/4x6p_ligand.sdf,/mnt/research/woldring_lab/Members/Eaves/plip-plop/data/4x6p/crystal/4x6p_pocket.pdb,gnina,/mnt/research/woldring_lab/Members/Eaves/plip-plop/data/4x6p/gnina.tar.gz,/mnt/research/woldring_lab/Members/Eaves/plip-plop/data/4x6p/gnina/4x6p_POSE.pdb.gz,/mnt/research/woldring_lab/Members/Eaves/plip-plop/data/4x6p/gnina/score.sc
4x6p,3YU,1.93,2015,8.3,/mnt/research/woldring_lab/Members/Eaves/plip-plop/data/4x6p/crystal/4x6p_protein.pdb,/mnt/research/woldring_lab/Members/Eaves/plip-plop/data/4x6p/crystal/4x6p_ligand.sdf,/mnt/research/woldring_lab/Members/Eaves/plip-plop/data/4x6p/crystal/4x6p_pocket.pdb,rosetta,/mnt/research/woldring_lab/Members/Eaves/plip-plop/data/4x6p/rosetta.tar.gz,/mnt/research/woldring_lab/Members/Eaves/plip-plop/data/4x6p/rosetta/4x6p_POSE.pdb.gz,/mnt/research/woldring_lab/Members/Eaves/plip-plop/data/4x6p/rosetta/score.sc
4x6p,3YU,1.93,2015,8.3,/mnt/research/woldring_lab/Members/Eaves/plip-plop/data/4x6p/crystal/4x6p_protein.pdb,/mnt/research/woldring_lab/Members/Eaves/plip-plop/data/4x6p/crystal/4x6p_ligand.sdf,/mnt/research/woldring_lab/Members/Eaves/plip-plop/data/4x6p/crystal/4x6p_pocket.pdb,boltz2,/mnt/research/woldring_lab/Members/Eaves/plip-plop/data/4x6p/boltz.tar.gz,/mnt/research/woldring_lab/Members/Eaves/plip-plop/data/4x6p/boltz/4x6p_boltz2_model_0.cif,/mnt/research/woldring_lab/Members/Eaves/plip-plop/data/4x6p/boltz/affinity_4x6p_boltz2.json
3b68,B68,1.9,2008,8.4,/mnt/research/woldring_lab/Members/Eaves/plip-plop/data/3b68/crystal/3b68_protein.pdb,/mnt/research/woldring_lab/Members/Eaves/plip-plop/data/3b68/crystal/3b68_ligand.sdf,/mnt/research/woldring_lab/Members/Eaves/plip-plop/data/3b68/crystal/3b68_pocket.pdb,gnina,/mnt/research/woldring_lab/Members/Eaves/plip-plop/data/3b68/gnina.tar.gz,/mnt/research/woldring_lab/Members/Eaves/plip-plop/data/3b68/gnina/3b68_POSE.pdb.gz,/mnt/research/woldring_lab/Members/Eaves/plip-plop/data/3b68/gnina/score.sc
3b68,B68,1.9,2008,8.4,/mnt/research/woldring_lab/Members/Eaves/plip-plop/data/3b68/crystal/3b68_protein.pdb,/mnt/research/woldring_lab/Members/Eaves/plip-plop/data/3b68/crystal/3b68_ligand.sdf,/mnt/research/woldring_lab/Members/Eaves/plip-plop/data/3b68/crystal/3b68_pocket.pdb,rosetta,/mnt/research/woldring_lab/Members/Eaves/plip-plop/data/3b68/rosetta.tar.gz,/mnt/research/woldring_lab/Members/Eaves/plip-plop/data/3b68/rosetta/3b68_POSE.pdb.gz,/mnt/research/woldring_lab/Members/Eaves/plip-plop/data/3b68/rosetta/score.sc
3b68,B68,1.9,2008,8.4,/mnt/research/woldring_lab/Members/Eaves/plip-plop/data/3b68/crystal/3b68_protein.pdb,/mnt/research/woldring_lab/Members/Eaves/plip-plop/data/3b68/crystal/3b68_ligand.sdf,/mnt/research/woldring_lab/Members/Eaves/plip-plop/data/3b68/crystal/3b68_pocket.pdb,boltz2,/mnt/research/woldring_lab/Members/Eaves/plip-plop/data/3b68/boltz.tar.gz,/mnt/research/woldring_lab/Members/Eaves/plip-plop/data/3b68/boltz/3b68_boltz2_model_0.cif,/mnt/research/woldring_lab/Members/Eaves/plip-plop/data/3b68/boltz/affinity_3b68_boltz2.json
3b1m,KRC,1.6,2011,8.48,/mnt/research/woldring_lab/Members/Eaves/plip-plop/data/3b1m/crystal/3b1m_protein.pdb,/mnt/research/woldring_lab/Members/Eaves/plip-plop/data/3b1m/crystal/3b1m_ligand.sdf,/mnt/research/woldring_lab/Members/Eaves/plip-plop/data/3b1m/crystal/3b1m_pocket.pdb,gnina,/mnt/research/woldring_lab/Members/Eaves/plip-plop/data/3b1m/gnina.tar.gz,/mnt/research/woldring_lab/Members/Eaves/plip-plop/data/3b1m/gnina/3b1m_POSE.pdb.gz,/mnt/research/woldring_lab/Members/Eaves/plip-plop/data/3b1m/gnina/score.sc
3b1m,KRC,1.6,2011,8.48,/mnt/research/woldring_lab/Members/Eaves/plip-plop/data/3b1m/crystal/3b1m_protein.pdb,/mnt/research/woldring_lab/Members/Eaves/plip-plop/data/3b1m/crystal/3b1m_ligand.sdf,/mnt/research/woldring_lab/Members/Eaves/plip-plop/data/3b1m/crystal/3b1m_pocket.pdb,rosetta,/mnt/research/woldring_lab/Members/Eaves/plip-plop/data/3b1m/rosetta.tar.gz,/mnt/research/woldring_lab/Members/Eaves/plip-plop/data/3b1m/rosetta/3b1m_POSE.pdb.gz,/mnt/research/woldring_lab/Members/Eaves/plip-plop/data/3b1m/rosetta/score.sc
3b1m,KRC,1.6,2011,8.48,/mnt/research/woldring_lab/Members/Eaves/plip-plop/data/3b1m/crystal/3b1m_protein.pdb,/mnt/research/woldring_lab/Members/Eaves/plip-plop/data/3b1m/crystal/3b1m_ligand.sdf,/mnt/research/woldring_lab/Members/Eaves/plip-plop/data/3b1m/crystal/3b1m_pocket.pdb,boltz2,/mnt/research/woldring_lab/Members/Eaves/plip-plop/data/3b1m/boltz.tar.gz,/mnt/research/woldring_lab/Members/Eaves/plip-plop/data/3b1m/boltz/3b1m_boltz2_model_0.cif,/mnt/research/woldring_lab/Members/Eaves/plip-plop/data/3b1m/boltz/affinity_3b1m_boltz2.json
3ge7,AFQ,1.5,2009,8.7,/mnt/research/woldring_lab/Members/Eaves/plip-plop/data/3ge7/crystal/3ge7_protein.pdb,/mnt/research/woldring_lab/Members/Eaves/plip-plop/data/3ge7/crystal/3ge7_ligand.sdf,/mnt/research/woldring_lab/Members/Eaves/plip-plop/data/3ge7/crystal/3ge7_pocket.pdb,gnina,/mnt/research/woldring_lab/Members/Eaves/plip-plop/data/3ge7/gnina.tar.gz,/mnt/research/woldring_lab/Members/Eaves/plip-plop/data/3ge7/gnina/3ge7_POSE.pdb.gz,/mnt/research/woldring_lab/Members/Eaves/plip-plop/data/3ge7/gnina/score.sc
3ge7,AFQ,1.5,2009,8.7,/mnt/research/woldring_lab/Members/Eaves/plip-plop/data/3ge7/crystal/3ge7_protein.pdb,/mnt/research/woldring_lab/Members/Eaves/plip-plop/data/3ge7/crystal/3ge7_ligand.sdf,/mnt/research/woldring_lab/Members/Eaves/plip-plop/data/3ge7/crystal/3ge7_pocket.pdb,rosetta,/mnt/research/woldring_lab/Members/Eaves/plip-plop/data/3ge7/rosetta.tar.gz,/mnt/research/woldring_lab/Members/Eaves/plip-plop/data/3ge7/rosetta/3ge7_POSE.pdb.gz,/mnt/research/woldring_lab/Members/Eaves/plip-plop/data/3ge7/rosetta/score.sc
3ge7,AFQ,1.5,2009,8.7,/mnt/research/woldring_lab/Members/Eaves/plip-plop/data/3ge7/crystal/3ge7_protein.pdb,/mnt/research/woldring_lab/Members/Eaves/plip-plop/data/3ge7/crystal/3ge7_ligand.sdf,/mnt/research/woldring_lab/Members/Eaves/plip-plop/data/3ge7/crystal/3ge7_pocket.pdb,boltz2,/mnt/research/woldring_lab/Members/Eaves/plip-plop/data/3ge7/boltz.tar.gz,/mnt/research/woldring_lab/Members/Eaves/plip-plop/data/3ge7/boltz/3ge7_boltz2_model_0.cif,/mnt/research/woldring_lab/Members/Eaves/plip-plop/data/3ge7/boltz/affinity_3ge7_boltz2.json
4crc,OTM,1.6,2015,8.72,/mnt/research/woldring_lab/Members/Eaves/plip-plop/data/4crc/crystal/4crc_protein.pdb,/mnt/research/woldring_lab/Members/Eaves/plip-plop/data/4crc/crystal/4crc_ligand.sdf,/mnt/research/woldring_lab/Members/Eaves/plip-plop/data/4crc/crystal/4crc_pocket.pdb,gnina,/mnt/research/woldring_lab/Members/Eaves/plip-plop/data/4crc/gnina.tar.gz,/mnt/research/woldring_lab/Members/Eaves/plip-plop/data/4crc/gnina/4crc_POSE.pdb.gz,/mnt/research/woldring_lab/Members/Eaves/plip-plop/data/4crc/gnina/score.sc
4crc,OTM,1.6,2015,8.72,/mnt/research/woldring_lab/Members/Eaves/plip-plop/data/4crc/crystal/4crc_protein.pdb,/mnt/research/woldring_lab/Members/Eaves/plip-plop/data/4crc/crystal/4crc_ligand.sdf,/mnt/research/woldring_lab/Members/Eaves/plip-plop/data/4crc/crystal/4crc_pocket.pdb,rosetta,/mnt/research/woldring_lab/Members/Eaves/plip-plop/data/4crc/rosetta.tar.gz,/mnt/research/woldring_lab/Members/Eaves/plip-plop/data/4crc/rosetta/4crc_POSE.pdb.gz,/mnt/research/woldring_lab/Members/Eaves/plip-plop/data/4crc/rosetta/score.sc
4crc,OTM,1.6,2015,8.72,/mnt/research/woldring_lab/Members/Eaves/plip-plop/data/4crc/crystal/4crc_protein.pdb,/mnt/research/woldring_lab/Members/Eaves/plip-plop/data/4crc/crystal/4crc_ligand.sdf,/mnt/research/woldring_lab/Members/Eaves/plip-plop/data/4crc/crystal/4crc_pocket.pdb,boltz2,/mnt/research/woldring_lab/Members/Eaves/plip-plop/data/4crc/boltz.tar.gz,/mnt/research/woldring_lab/Members/Eaves/plip-plop/data/4crc/boltz/4crc_boltz2_model_0.cif,/mnt/research/woldring_lab/Members/Eaves/plip-plop/data/4crc/boltz/affinity_4crc_boltz2.json
3ui7,C1L,2.28,2011,9.0,/mnt/research/woldring_lab/Members/Eaves/plip-plop/data/3ui7/crystal/3ui7_protein.pdb,/mnt/research/woldring_lab/Members/Eaves/plip-plop/data/3ui7/crystal/3ui7_ligand.sdf,/mnt/research/woldring_lab/Members/Eaves/plip-plop/data/3ui7/crystal/3ui7_pocket.pdb,gnina,/mnt/research/woldring_lab/Members/Eaves/plip-plop/data/3ui7/gnina.tar.gz,/mnt/research/woldring_lab/Members/Eaves/plip-plop/data/3ui7/gnina/3ui7_POSE.pdb.gz,/mnt/research/woldring_lab/Members/Eaves/plip-plop/data/3ui7/gnina/score.sc
3ui7,C1L,2.28,2011,9.0,/mnt/research/woldring_lab/Members/Eaves/plip-plop/data/3ui7/crystal/3ui7_protein.pdb,/mnt/research/woldring_lab/Members/Eaves/plip-plop/data/3ui7/crystal/3ui7_ligand.sdf,/mnt/research/woldring_lab/Members/Eaves/plip-plop/data/3ui7/crystal/3ui7_pocket.pdb,rosetta,/mnt/research/woldring_lab/Members/Eaves/plip-plop/data/3ui7/rosetta.tar.gz,/mnt/research/woldring_lab/Members/Eaves/plip-plop/data/3ui7/rosetta/3ui7_POSE.pdb.gz,/mnt/research/woldring_lab/Members/Eaves/plip-plop/data/3ui7/rosetta/score.sc
3ui7,C1L,2.28,2011,9.0,/mnt/research/woldring_lab/Members/Eaves/plip-plop/data/3ui7/crystal/3ui7_protein.pdb,/mnt/research/woldring_lab/Members/Eaves/plip-plop/data/3ui7/crystal/3ui7_ligand.sdf,/mnt/research/woldring_lab/Members/Eaves/plip-plop/data/3ui7/crystal/3ui7_pocket.pdb,boltz2,/mnt/research/woldring_lab/Members/Eaves/plip-plop/data/3ui7/boltz.tar.gz,/mnt/research/woldring_lab/Members/Eaves/plip-plop/data/3ui7/boltz/3ui7_boltz2_model_0.cif,/mnt/research/woldring_lab/Members/Eaves/plip-plop/data/3ui7/boltz/affinity_3ui7_boltz2.json
3uri,8-MER,2.1,2012,9.0,/mnt/research/woldring_lab/Members/Eaves/plip-plop/data/3uri/crystal/3uri_protein.pdb,/mnt/research/woldring_lab/Members/Eaves/plip-plop/data/3uri/crystal/3uri_ligand.sdf,/mnt/research/woldring_lab/Members/Eaves/plip-plop/data/3uri/crystal/3uri_pocket.pdb,gnina,/mnt/research/woldring_lab/Members/Eaves/plip-plop/data/3uri/gnina.tar.gz,/mnt/research/woldring_lab/Members/Eaves/plip-plop/data/3uri/gnina/3uri_POSE.pdb.gz,/mnt/research/woldring_lab/Members/Eaves/plip-plop/data/3uri/gnina/score.sc
3uri,8-MER,2.1,2012,9.0,/mnt/research/woldring_lab/Members/Eaves/plip-plop/data/3uri/crystal/3uri_protein.pdb,/mnt/research/woldring_lab/Members/Eaves/plip-plop/data/3uri/crystal/3uri_ligand.sdf,/mnt/research/woldring_lab/Members/Eaves/plip-plop/data/3uri/crystal/3uri_pocket.pdb,rosetta,/mnt/research/woldring_lab/Members/Eaves/plip-plop/data/3uri/rosetta.tar.gz,/mnt/research/woldring_lab/Members/Eaves/plip-plop/data/3uri/rosetta/3uri_POSE.pdb.gz,/mnt/research/woldring_lab/Members/Eaves/plip-plop/data/3uri/rosetta/score.sc
3uri,8-MER,2.1,2012,9.0,/mnt/research/woldring_lab/Members/Eaves/plip-plop/data/3uri/crystal/3uri_protein.pdb,/mnt/research/woldring_lab/Members/Eaves/plip-plop/data/3uri/crystal/3uri_ligand.sdf,/mnt/research/woldring_lab/Members/Eaves/plip-plop/data/3uri/crystal/3uri_pocket.pdb,boltz2,/mnt/research/woldring_lab/Members/Eaves/plip-plop/data/3uri/boltz.tar.gz,/mnt/research/woldring_lab/Members/Eaves/plip-plop/data/3uri/boltz/3uri_boltz2_model_0.cif,/mnt/research/woldring_lab/Members/Eaves/plip-plop/data/3uri/boltz/affinity_3uri_boltz2.json
4ty7,39F,2.09,2014,9.52,/mnt/research/woldring_lab/Members/Eaves/plip-plop/data/4ty7/crystal/4ty7_protein.pdb,/mnt/research/woldring_lab/Members/Eaves/plip-plop/data/4ty7/crystal/4ty7_ligand.sdf,/mnt/research/woldring_lab/Members/Eaves/plip-plop/data/4ty7/crystal/4ty7_pocket.pdb,gnina,/mnt/research/woldring_lab/Members/Eaves/plip-plop/data/4ty7/gnina.tar.gz,/mnt/research/woldring_lab/Members/Eaves/plip-plop/data/4ty7/gnina/4ty7_POSE.pdb.gz,/mnt/research/woldring_lab/Members/Eaves/plip-plop/data/4ty7/gnina/score.sc
4ty7,39F,2.09,2014,9.52,/mnt/research/woldring_lab/Members/Eaves/plip-plop/data/4ty7/crystal/4ty7_protein.pdb,/mnt/research/woldring_lab/Members/Eaves/plip-plop/data/4ty7/crystal/4ty7_ligand.sdf,/mnt/research/woldring_lab/Members/Eaves/plip-plop/data/4ty7/crystal/4ty7_pocket.pdb,rosetta,/mnt/research/woldring_lab/Members/Eaves/plip-plop/data/4ty7/rosetta.tar.gz,/mnt/research/woldring_lab/Members/Eaves/plip-plop/data/4ty7/rosetta/4ty7_POSE.pdb.gz,/mnt/research/woldring_lab/Members/Eaves/plip-plop/data/4ty7/rosetta/score.sc
4ty7,39F,2.09,2014,9.52,/mnt/research/woldring_lab/Members/Eaves/plip-plop/data/4ty7/crystal/4ty7_protein.pdb,/mnt/research/woldring_lab/Members/Eaves/plip-plop/data/4ty7/crystal/4ty7_ligand.sdf,/mnt/research/woldring_lab/Members/Eaves/plip-plop/data/4ty7/crystal/4ty7_pocket.pdb,boltz2,/mnt/research/woldring_lab/Members/Eaves/plip-plop/data/4ty7/boltz.tar.gz,/mnt/research/woldring_lab/Members/Eaves/plip-plop/data/4ty7/boltz/4ty7_boltz2_model_0.cif,/mnt/research/woldring_lab/Members/Eaves/plip-plop/data/4ty7/boltz/affinity_4ty7_boltz2.json
1z6e,IK8,1.8,2006,9.72,/mnt/research/woldring_lab/Members/Eaves/plip-plop/data/1z6e/crystal/1z6e_protein.pdb,/mnt/research/woldring_lab/Members/Eaves/plip-plop/data/1z6e/crystal/1z6e_ligand.sdf,/mnt/research/woldring_lab/Members/Eaves/plip-plop/data/1z6e/crystal/1z6e_pocket.pdb,gnina,/mnt/research/woldring_lab/Members/Eaves/plip-plop/data/1z6e/gnina.tar.gz,/mnt/research/woldring_lab/Members/Eaves/plip-plop/data/1z6e/gnina/1z6e_POSE.pdb.gz,/mnt/research/woldring_lab/Members/Eaves/plip-plop/data/1z6e/gnina/score.sc
1z6e,IK8,1.8,2006,9.72,/mnt/research/woldring_lab/Members/Eaves/plip-plop/data/1z6e/crystal/1z6e_protein.pdb,/mnt/research/woldring_lab/Members/Eaves/plip-plop/data/1z6e/crystal/1z6e_ligand.sdf,/mnt/research/woldring_lab/Members/Eaves/plip-plop/data/1z6e/crystal/1z6e_pocket.pdb,rosetta,/mnt/research/woldring_lab/Members/Eaves/plip-plop/data/1z6e/rosetta.tar.gz,/mnt/research/woldring_lab/Members/Eaves/plip-plop/data/1z6e/rosetta/1z6e_POSE.pdb.gz,/mnt/research/woldring_lab/Members/Eaves/plip-plop/data/1z6e/rosetta/score.sc
1z6e,IK8,1.8,2006,9.72,/mnt/research/woldring_lab/Members/Eaves/plip-plop/data/1z6e/crystal/1z6e_protein.pdb,/mnt/research/woldring_lab/Members/Eaves/plip-plop/data/1z6e/crystal/1z6e_ligand.sdf,/mnt/research/woldring_lab/Members/Eaves/plip-plop/data/1z6e/crystal/1z6e_pocket.pdb,boltz2,/mnt/research/woldring_lab/Members/Eaves/plip-plop/data/1z6e/boltz.tar.gz,/mnt/research/woldring_lab/Members/Eaves/plip-plop/data/1z6e/boltz/1z6e_boltz2_model_0.cif,/mnt/research/woldring_lab/Members/Eaves/plip-plop/data/1z6e/boltz/affinity_1z6e_boltz2.json
